id,retweet_count,favorite_count
892420643555336193,8853,39467
892177421306343426,6514,33819
891815181378084864,4328,25461
891689557279858688,8964,42908
891327558926688256,9774,41048
891087950875897856,3261,20562
890971913173991426,2158,12041
890729181411237888,16716,56848
890609185150312448,4429,28226
890240255349198849,7711,32467
890006608113172480,7624,31166
889880896479866881,5156,28268
889665388333682689,8538,38818
889638837579907072,4735,27672
889531135344209921,2321,15359
889278841981685760,5637,25652
888917238123831296,4709,29611
888804989199671297,4559,26080
888554962724278272,3732,20290
888078434458587136,3653,22201
887705289381826560,5609,30779
887517139158093824,12082,46959
887473957103951883,18781,69871
887343217045368832,10737,34222
887101392804085760,6167,31061
886983233522544640,8084,35859
886736880519319552,3443,12306
886680336477933568,4610,22798
886366144734445568,3316,21524
886267009285017600,4,117
886258384151887873,6523,28469
886054160059072513,108,0
885984800019947520,7097,33382
885528943205470208,6683,36689
885518971528720385,3899,20788
885311592912609280,19297,0
885167619883638784,4556,22367
884925521741709313,16439,68152
884876753390489601,6096,28514
884562892145688576,5100,24765
884441805382717440,5856,27478
884247878851493888,21298,74423
884162670584377345,3128,20771
883838122936631299,3586,22349
883482846933004288,10407,46860
883360690899218434,3825,22986
883117836046086144,6949,37914
882992080364220416,4122,24445
882762694511734784,5134,28903
882627270321602560,6342,28382
882268110199369728,12118,45880
882045870035918850,5203,29900
881906580714921986,3533,24773
881666595344535552,11099,51522
881633300179243008,7,129
881536004380872706,16570,50199
881268444196462592,5358,23501
880935762899988482,2886,17346
880872448815771648,3989,21734
880465832366813184,6546,29075
880221127280381952,4436,27640
880095782870896641,4533,28150
879862464715927552,3642,22667
879674319642796034,10,315
879492040517615616,3323,23822
879415818425184262,45849,107956
879376492567855104,3261,17099
879130579576475649,7181,0
879050749262655488,4941,23022
879008229531029506,2812,19317
878776093423087618,4319,19763
878604707211726852,7582,30931
878404777348136964,1349,0
878316110768087041,6965,0
878281511006478336,1349,7913
878057613040115712,7181,42876
877736472329191424,17300,71144
877611172832227328,83,0
877556246731214848,3994,23258
877316821321428993,5414,27907
877201837425926144,5880,27755
876838120628539392,3506,21125
876537666061221889,4800,23869
876484053909872640,2511,19163
876120275196170240,4903,28490
875747767867523072,4497,25773
875144289856114688,5081,22185
875097192612077568,6342,27997
875021211251597312,4922,26022
874680097055178752,4875,28439
874434818259525634,15546,0
874296783580663808,4308,26651
874057562936811520,4125,23134
874012996292530176,11007,35501
873697596434513921,12518,0
873580283840344065,4143,24837
873337748698140672,1667,0
873213775632977920,1667,7467
872967104147763200,5669,28031
872820683541237760,3884,15029
872668790621863937,31,0
872620804844003328,3911,21309
872486979161796608,9429,41606
872261713294495745,6649,35085
872122724285648897,8549,35324
871879754684805121,11918,39090
871762521631449091,3678,20787
871515927908634625,3628,20730
871166179821445120,5991,0
871102520638267392,5764,21461
871032628920680449,3999,23255
870804317367881728,6393,33791
870726314365509632,3,121
870656317836468226,2817,12819
870374049280663552,27680,85011
870308999962521604,4384,22453
870063196459192321,8840,37771
869988702071779329,25661,0
869772420881756160,10663,43710
869702957897576449,6728,29116
869596645499047938,3327,16476
869227993411051520,4023,21112
868880397819494401,12518,55098
868639477480148993,2240,0
868622495443632128,6275,28295
868552278524837888,2240,10539
867900495410671616,4439,24964
867774946302451713,7788,35179
867421006826221569,2697,16755
867072653475098625,135,0
867051520902168576,8425,33420
866816280283807744,32883,0
866720684873056260,5168,20888
866686824827068416,3727,20070
866450705531457537,32883,106827
866334964761202691,15546,54720
866094527597207552,8952,0
865718153858494464,6008,26640
865359393868664832,5384,27530
865006731092295680,8209,29063
864873206498414592,9361,33651
864279568663928832,3266,15195
864197398364647424,9616,31459
863907417377173506,4441,21477
863553081350529029,4489,15935
863471782782697472,2687,0
863432100342583297,5664,24829
863427515083354112,105,2363
863079547188785154,1195,9094
863062471531167744,2687,8945
862831371563274240,5457,20011
862722525377298433,3809,17779
862457590147678208,5388,21492
862096992088072192,21840,66437
861769973181624320,37911,0
861383897657036800,11528,37744
861288531465048066,4479,18032
861005113778896900,4119,17538
860981674716409858,2334,0
860924035999428608,882,0
860563773140209665,2334,7878
860524505164394496,5698,24678
860276583193509888,3745,19154
860184849394610176,6295,17474
860177593139703809,33421,0
859924526012018688,4349,20021
859851578198683649,3780,16105
859607811541651456,1704,19476
859196978902773760,25661,75193
859074603037188101,14740,35553
858860390427611136,8805,0
858843525470990336,3771,16304
858471635011153920,5271,22640
858107933456039936,3154,16524
857989990357356544,2812,16952
857746408056729600,11524,36021
857393404942143489,1785,6236
857263160327368704,4934,21041
857214891891077121,20,242
857062103051644929,183,0
857029823797047296,4364,19910
856602993587888130,11633,0
856543823941562368,3131,17135
856526610513747968,2068,12446
856330835276025856,731,0
856288084350160898,17,545
856282028240666624,6841,29086
855862651834028034,27,320
855860136149123072,1058,4407
855857698524602368,2313,12498
855851453814013952,19196,47844
855818117272018944,5943,28056
855459453768019968,8987,31657
855245323840757760,6568,0
855138241867124737,50,0
854732716440526848,6690,24188
854482394044301312,7608,31131
854365224396361728,5159,20046
854120357044912130,8285,33911
854010172552949760,3433,17169
853760880890318849,6403,30414
853639147608842240,11265,37198
853299958564483072,3928,16508
852936405516943360,2243,0
852912242202992640,2037,9658
852672615818899456,2388,15939
852553447878664193,3885,17492
852311364735569921,10961,35325
852226086759018497,7570,21378
852189679701164033,1741,12217
851953902622658560,10706,0
851861385021730816,23,0
851591660324737024,3819,17300
851464819735769094,7855,25944
851224888060895234,6350,22090
850753642995093505,10352,33348
850380195714523136,2915,13994
850333567704068097,367,3647
850145622816686080,4244,17519
850019790995546112,5459,21944
849776966551130114,8404,32390
849668094696017920,5513,0
849412302885593088,3487,17039
849336543269576704,2101,12240
849051919805034497,7396,32617
848690551926992896,4826,27104
848324959059550208,4037,20229
848213670039564288,832,8834
848212111729840128,3444,17618
847978865427394560,3652,0
847971574464610304,482,0
847962785489326080,5730,25296
847842811428974592,1522,5935
847617282490613760,468,7558
847606175596138505,3774,20208
847251039262605312,4800,22036
847157206088847362,6572,21588
847116187444137987,3583,23108
846874817362120707,4404,21685
846514051647705089,13076,48410
846505985330044928,3492,15304
846153765933735936,10226,34394
846139713627017216,10972,33188
846042936437604353,3224,17256
845812042753855489,9894,31737
845677943972139009,5365,27154
845459076796616705,15071,0
845397057150107648,2072,8241
845306882940190720,6039,25225
845098359547420673,8640,0
844979544864018432,2909,14738
844973813909606400,3617,16361
844704788403113984,11633,42022
844580511645339650,3533,17871
844223788422217728,2450,14753
843981021012017153,3285,16327
843856843873095681,5220,23211
843604394117681152,3081,18310
843235543001513987,6852,23315
842892208864923648,56625,0
842846295480000512,4023,16440
842765311967449089,1439,7321
842535590457499648,3937,19637
842163532590374912,6568,26569
842115215311396866,3386,15204
841833993020538882,17504,0
841680585030541313,8748,27854
841439858740625411,4168,13755
841320156043304961,6080,21402
841314665196081154,5312,17305
841077006473256960,5991,24926
840761248237133825,1972,0
840728873075638272,18285,0
840698636975636481,3,197
840696689258311684,1116,13377
840632337062862849,1972,9761
840370681858686976,5146,17918
840268004936019968,6497,20950
839990271299457024,2597,14640
839549326359670784,8805,29957
839290600511926273,158,0
839239871831150596,7422,29684
838952994649550848,4505,21289
838921590096166913,2357,12183
838916489579200512,38,0
838831947270979586,12643,0
838561493054533637,1504,11892
838476387338051585,5484,24664
838201503651401729,11525,0
838150277551247360,370,1824
838085839343206401,0,150
838083903487373313,3582,19183
837820167694528512,8952,37277
837482249356513284,495,4204
837471256429613056,2631,13967
837366284874571778,6005,23074
837110210464448512,2731,17480
837012587749474308,88,0
836989968035819520,2610,13879
836753516572119041,5237,21029
836677758902222849,2522,13782
836648853927522308,626,0
836397794269200385,31314,0
836380477523124226,3337,16037
836260088725786625,4850,23177
836001077879255040,4935,20924
835685285446955009,9327,0
835574547218894849,4121,19447
835536468978302976,1939,0
835309094223372289,24013,0
835297930240217089,3381,17847
835264098648616962,1939,8503
835246439529840640,83,2259
835172783151792128,6516,28552
835152434251116546,3443,24574
834931633769889797,1878,11838
834786237630337024,6159,22943
834574053763584002,2882,14993
834477809192075265,12224,0
834458053273591808,1899,10512
834209720923721728,5476,22594
834167344700198914,4130,17194
834089966724603904,2427,10971
834086379323871233,2512,14296
833863086058651648,2729,14661
833826103416520705,3904,16728
833732339549220864,251,0
833722901757046785,3636,22585
833479644947025920,2357,16258
833124694597443584,5513,22133
832998151111966721,2522,14549
832769181346996225,43,0
832757312314028032,4127,18423
832682457690300417,3368,13017
832645525019123713,594,3195
832636094638288896,3220,17379
832397543355072512,2548,13126
832369877331693569,3652,18792
832273440279240704,2673,12385
832215909146226688,7069,0
832215726631055365,10723,0
832088576586297345,3,72
832040443403784192,11131,0
832032802820481025,4746,13887
831939777352105988,7031,26404
831926988323639298,39,369
831911600680497154,7458,30380
831670449226514432,2059,11469
831650051525054464,2243,7908
831552930092285952,2632,9872
831322785565769729,1744,10042
831315979191906304,1264,7117
831309418084069378,2786,12819
831262627380748289,2350,13066
830956169170665475,1735,8735
830583320585068544,19297,73397
830173239259324417,6554,0
830097400375152640,3455,10804
829878982036299777,5757,0
829861396166877184,2243,13441
829501995190984704,12224,34913
829449946868879360,2329,11519
829374341691346946,10706,38074
829141528400556032,8530,26952
829011960981237760,18627,58302
828801551087042563,3901,0
828770345708580865,6746,28085
828708714936930305,12882,40241
828650029636317184,1544,10467
828409743546925057,1305,6898
828408677031882754,1477,8398
828381636999917570,2554,13864
828376505180889089,1216,8112
828372645993398273,3344,13756
828361771580813312,195,2408
828046555563323392,3260,12923
828011680017821696,2451,11411
827933404142436356,5987,22180
827653905312006145,3433,16983
827600520311402496,1082,8143
827324948884643840,3510,17523
827228250799742977,13517,0
827199976799354881,2579,11659
826958653328592898,5757,23767
826848821049180160,11878,40325
826615380357632002,4521,0
826598799820865537,292,5637
826598365270007810,2709,11117
826476773533745153,4821,20275
826240494070030336,2965,14614
826204788643753985,1075,5361
826115272272650244,3599,17299
825876512159186944,2146,11525
825829644528148480,2848,14025
825535076884762624,19669,56413
825147591692263424,5244,20181
825120256414846976,1483,0
825026590719483904,1483,7020
824796380199809024,6288,0
824775126675836928,4069,16508
824663926340194305,1993,11113
824325613288833024,11848,12999
824297048279236611,4463,16625
824025158776213504,679,5255
823939628516474880,3123,11755
823719002937630720,12953,0
823699002998870016,2772,13826
823581115634085888,3031,14376
823333489516937216,31,777
823322678127919110,4637,17437
823269594223824897,11421,0
822975315408461824,3958,19139
822872901745569793,48265,132810
822859134160621569,2622,14576
822647212903690241,7390,0
822610361945911296,3423,16327
822489057087389700,7390,20083
822462944365645825,17209,31800
822244816520155136,11421,38832
822163064745328640,5571,0
821886076407029760,2692,12582
821813639212650496,3839,0
821765923262631936,1899,9317
821522889702862852,2030,8871
821421320206483457,6470,0
821407182352777218,5053,13075
821153421864615936,10,280
821149554670182400,2320,9718
821107785811234820,2487,10645
821044531881721856,2636,14021
820837357901512704,7733,0
820749716845686786,11525,34984
820690176645140481,3716,13518
820494788566847489,648,0
820446719150292993,2980,0
820314633777061888,648,3706
820078625395449857,7246,21979
820013781606658049,1369,0
819952236453363712,1369,5927
819924195358416896,5607,14305
819711362133872643,3604,14916
819588359383371776,2271,10606
819347104292290561,1383,8008
819238181065359361,462,2550
819227688460238848,7733,25652
819015337530290176,42228,0
819015331746349057,21794,0
819006400881917954,21794,49960
819004803107983360,42228,95450
818646164899774465,24069,0
818627210458333184,8564,24597
818614493328580609,2982,10971
818588835076603904,7126,0
818536468981415936,2873,12127
818307523543449600,9366,0
818259473185828864,2621,12197
818145370475810820,3014,13671
817908911860748288,906,5356
817827839487737858,31314,57622
817777686764523521,3084,11901
817536400337801217,3505,13105
817502432452313088,3917,0
817423860136083457,17504,38260
817415592588222464,1131,6267
817181837579653120,9907,0
817171292965273600,2326,9690
817120970343411712,3011,13367
817056546584727552,1927,9517
816829038950027264,5496,0
816816676327063552,2361,11071
816697700272001025,2545,10905
816450570814898180,9366,33961
816336735214911488,2269,9564
816091915477250048,2500,9927
816062466425819140,1207,0
816014286006976512,6154,0
815990720817401858,1207,5545
815966073409433600,9907,25057
815745968457060357,4797,0
815736392542261248,2625,10937
815639385530101762,1918,9161
815390420867969024,4407,11467
814986499976527872,1505,8485
814638523311648768,3130,12511
814578408554463233,6750,0
814530161257443328,2156,9629
814153002265309185,10080,32000
813944609378369540,3732,0
813910438903693312,2194,10342
813812741911748608,16267,40402
813800681631023104,2060,9300
813217897535406080,8476,20783
813202720496779264,2090,10192
813187593374461952,5096,22085
813172488309972993,2236,10384
813157409116065792,2557,8588
813142292504645637,2728,9361
813130366689148928,513,4968
813127251579564032,3652,13242
813112105746448384,3225,11515
813096984823349248,4207,11694
813081950185472002,3220,10989
813066809284972545,2276,8865
813051746834595840,8503,23337
812781120811126785,2191,8380
812747805718642688,8067,0
812709060537683968,1665,7373
812503143955202048,1424,6787
812466873996607488,2231,8900
812372279581671427,4252,15224
811985624773361665,1647,8102
811744202451197953,1884,8429
811647686436880384,872,6215
811627233043480576,3650,14265
811386762094317568,7444,23302
810984652412424192,1655,5927
810896069567610880,2090,10093
810657578271330305,3057,12192
810284430598270976,13369,39640
810254108431155201,3901,16380
809920764300447744,4521,17250
809808892968534016,5711,0
809448704142938112,1696,7727
809220051211603969,6554,22246
809084759137812480,4046,14685
808838249661788160,3536,11271
808733504066486276,2509,8784
808501579447930884,3007,12595
808344865868283904,24069,47281
808134635716833280,6961,0
808106460588765185,2525,9701
808001312164028416,4098,14015
807621403335917568,4288,16236
807106840509214720,56625,107015
807059379405148160,8521,0
807010152071229440,4418,14514
806629075125202948,37911,75639
806620845233815552,6426,0
806576416489959424,2230,5370
806542213899489280,2752,11363
806242860592926720,13616,0
806219024703037440,1388,7145
805958939288408065,6238,0
805932879469572096,2209,9178
805826884734976000,2132,7335
805823200554876929,9374,0
805520635690676224,1905,6368
805487436403003392,2929,9773
805207613751304193,1972,8680
804738756058218496,4480,15326
804475857670639616,2355,6886
804413760345620481,3712,0
804026241225523202,18876,49774
803773340896923648,3220,11203
803692223237865472,8689,0
803638050916102144,4828,12270
803380650405482500,2169,8601
803321560782307329,6221,0
803276597545603072,2887,11207
802952499103731712,2336,10085
802624713319034886,3403,0
802600418706604034,1714,7938
802572683846291456,2926,9959
802323869084381190,6808,18124
802265048156610565,1573,7039
802247111496568832,5247,0
802239329049477120,3040,10132
802185808107208704,314,0
801958328846974976,1992,8608
801854953262350336,275,1958
801538201127157760,2391,9141
801285448605831168,960,6802
801167903437357056,6961,27386
801127390143516673,4627,0
801115127852503040,2429,8992
800859414831898624,113,778
800855607700029440,1889,0
800751577355128832,3214,11701
800513324630806528,3495,14685
800459316964663297,2489,10538
800443802682937345,5068,0
800388270626521089,3265,12456
800188575492947969,4581,0
800141422401830912,2980,17092
800018252395122689,15351,31768
799774291445383169,5488,0
799757965289017345,2506,9390
799422933579902976,2213,8965
799308762079035393,6478,0
799297110730567681,3227,11065
799063482566066176,2863,9058
798933969379225600,5203,14712
798925684722855936,1663,8246
798705661114773508,7724,0
798701998996647937,9126,0
798697898615730177,7602,0
798694562394996736,5812,0
798686750113755136,2702,0
798682547630837760,5515,0
798673117451325440,6485,0
798665375516884993,4519,0
798644042770751489,2153,0
798628517273620480,2272,0
798585098161549313,6618,0
798576900688019456,6871,0
798340744599797760,3924,0
798209839306514432,2954,11548
797971864723324932,3652,13018
797545162159308800,5656,16198
797236660651966464,7726,22328
797165961484890113,32,256
796904159865868288,10411,0
796865951799083009,2198,8564
796759840936919040,3562,13256
796563435802726400,8536,0
796484825502875648,2042,8472
796387464403357696,4861,12334
796177847564038144,16628,0
796149749086875649,16628,36177
796125600683540480,2079,5511
796116448414461957,2813,10139
796080075804475393,2703,9469
796031486298386433,4284,12071
795464331001561088,27728,55683
795400264262053889,3323,11270
795076730285391872,6288,18139
794983741416415232,3942,0
794926597468000259,2697,11492
794355576146903043,12014,0
794332329137291264,3088,10686
794205286408003585,3895,10314
793962221541933056,5711,18910
793845145112371200,2187,10295
793614319594401792,3661,0
793601777308463104,1908,8926
793500921481273345,2786,11953
793286476301799424,10723,27597
793271401113350145,2763,9677
793256262322548741,9714,22350
793241302385262592,3812,11780
793226087023144960,3338,11001
793210959003287553,3301,9997
793195938047070209,6547,17063
793180763617361921,2310,7740
793165685325201412,3238,10478
793150605191548928,1984,6909
793135492858580992,2893,7214
793120401413079041,4551,14202
792913359805018113,4715,16063
792883833364439040,4964,12666
792773781206999040,1963,8209
792394556390137856,4998,15128
792050063153438720,2088,8029
791821351946420224,24514,0
791784077045166082,11271,0
791780927877898241,4432,0
791774931465953280,21156,37818
791672322847637504,3661,13129
791406955684368384,4797,14670
791312159183634433,2963,9841
791026214425268224,4858,0
790987426131050500,2483,11089
790946055508652032,5496,18601
790723298204217344,2704,0
790698755171364864,2203,9158
790581949425475584,8183,22473
790337589677002753,2167,8740
790277117346975746,3732,14081
790227638568808452,4190,0
789986466051088384,2704,10369
789960241177853952,4839,0
789903600034189313,4858,11673
789628658055020548,2080,8448
789599242079838210,2279,7620
789530877013393408,3942,13188
789314372632018944,2666,9615
789280767834746880,5747,0
789268448748703744,3014,10196
789137962068021249,3244,10875
788908386943430656,14409,30653
788765914992902144,12014,30658
788552643979468800,8407,0
788412144018661376,5990,16060
788178268662984705,2488,8100
788150585577050112,1510,6865
788070120937619456,3952,0
788039637453406209,1535,6867
787810552592695296,3540,9717
787717603741622272,3240,11416
787397959788929025,3300,12120
787322443945877504,2032,8726
787111942498508800,7798,0
786963064373534720,9327,29725
786729988674449408,2827,0
786709082849828864,7069,20296
786664955043049472,2996,11957
786595970293370880,3601,10497
786363235746385920,4072,12189
786286427768250368,3352,8930
786233965241827333,5571,17178
786051337297522688,179,1614
786036967502913536,8237,0
785927819176054784,3652,12696
785872687017132033,2130,7489
785639753186217984,2561,8735
785533386513321988,2334,10183
785515384317313025,1477,6800
785264754247995392,1911,8128
785170936622350336,5639,13491
784826020293709826,3712,11310
784517518371221505,2970,10039
784431430411685888,1491,6329
784183165795655680,9374,22513
784057939640352768,12953,33505
783839966405230592,12643,33689
783821107061198850,2269,8209
783695101801398276,3737,11650
783466772167098368,2608,9468
783391753726550016,6441,18908
783347506784731136,6533,0
783334639985389568,13616,32651
783085703974514689,2565,9112
782969140009107456,8521,26949
782747134529531904,1604,8310
782722598790725632,6238,19250
782598640137187329,2184,8694
782305867769217024,6470,18630
782021823840026624,7236,0
781955203444699136,3920,12357
781661882474196992,3129,11634
781655249211752448,1314,4466
781524693396357120,6426,23163
781308096455073793,2961,7973
781251288990355457,2458,9428
781163403222056960,3168,10895
780931614150983680,8536,24192
780858289093574656,2328,8033
780800785462489090,1505,6141
780601303617732608,3839,13525
780543529827336192,2032,7040
780496263422808064,4319,0
780476555013349377,136,0
780459368902959104,1224,5892
780192070812196864,2589,9712
780092040432480260,2655,0
780074436359819264,5815,13723
779834332596887552,8237,21252
779377524342161408,3613,9831
779124354206535695,21324,0
779123168116150273,4207,13206
779056095788752897,5247,16500
778990705243029504,8437,22342
778774459159379968,11550,0
778764940568104960,426,955
778748913645780993,1562,7717
778650543019483137,1729,6430
778624900596654080,1176,5177
778408200802557953,5023,15135
778396591732486144,14198,0
778383385161035776,1271,6515
778286810187399168,3836,11576
778039087836069888,3065,9417
778027034220126208,1885,7320
777953400541634568,4080,0
777885040357281792,1893,7078
777684233540206592,3403,12518
777641927919427584,4947,0
777621514455814149,2910,9742
777189768882946048,4999,15921
776819012571455488,15839,0
776813020089548800,1405,5444
776477788987613185,3249,9858
776249906839351296,10673,0
776218204058357768,18497,33345
776201521193218049,2919,10681
776113305656188928,5068,13102
776088319444877312,179,2045
775898661951791106,17621,0
775842724423557120,3116,13022
775733305207554048,4627,15413
775729183532220416,5302,14361
775364825476165632,3472,8295
775350846108426240,4532,11309
775096608509886464,9220,0
775085132600442880,5488,17281
774757898236878852,2035,9462
774639387460112384,2013,7508
774314403806253056,6478,24167
773985732834758656,4492,11925
773922284943896577,1999,7110
773704687002451968,1891,7317
773670353721753600,1501,5935
773547596996571136,7126,24553
773336787167145985,5912,0
773308824254029826,8640,25846
773247561583001600,3699,10414
773191612633579521,4736,11117
772877495989305348,4501,9555
772826264096874500,2669,8842
772615324260794368,3914,0
772581559778025472,1968,7192
772193107915964416,1612,6665
772152991789019136,1300,4181
772117678702071809,848,4165
772114945936949249,546,3005
772102971039580160,1065,4448
771908950375665664,2181,7298
771770456517009408,3924,13356
771500966810099713,3018,9167
771380798096281600,5912,11746
771171053431250945,8705,0
771136648247640064,3357,10223
771102124360998913,1663,6898
771014301343748096,1782,7032
770787852854652928,1415,5498
770772759874076672,1626,5749
770743923962707968,52360,0
770655142660169732,2013,8130
770414278348247044,2390,6987
770293558247038976,1718,6923
770093767776997377,3520,0
770069151037685760,2651,8385
769940425801170949,11131,34948
769695466921623552,1926,7101
769335591808995329,8830,0
769212283578875904,1969,5980
768970937022709760,7574,16017
768909767477751808,3129,0
768855141948723200,1034,4660
768609597686943744,1382,4580
768596291618299904,1473,5592
768554158521745409,6719,0
768473857036525572,3958,15110
768193404517830656,4080,12157
767884188863397888,1634,5309
767754930266464257,6221,17814
767500508068192258,2688,8295
767191397493538821,4406,13643
767122157629476866,3261,11227
766864461642756096,6521,0
766793450729734144,1565,5650
766714921925144576,438,2872
766693177336135680,918,4484
766423258543644672,1825,6671
766313316352462849,2166,7493
766078092750233600,2970,0
766069199026450432,1003,4765
766008592277377025,571,4149
765719909049503744,2475,8021
765669560888528897,1407,5760
765395769549590528,3127,20539
765371061932261376,2475,7842
765222098633691136,3914,12902
764857477905154048,2029,7099
764259802650378240,1745,6718
763956972077010945,61,812
763837565564780549,4858,14041
763183847194451968,1702,6004
763167063695355904,3484,0
763103485927849985,2602,8163
762699858130116608,4190,13518
762471784394268675,7612,12571
762464539388485633,4839,11503
762316489655476224,1298,5350
762035686371364864,17919,35400
761976711479193600,2310,5992
761750502866649088,4535,0
761745352076779520,979,4707
761672994376806400,33421,55016
761599872357261312,1336,4578
761371037149827077,20500,0
761334018830917632,1669,5792
761292947749015552,1265,4957
761227390836215808,1775,5908
761004547850530816,3952,12482
760893934457552897,1104,4228
760656994973933572,2210,7343
760641137271070720,1481,5485
760539183865880579,4168,8399
760521673607086080,1608,4681
760290219849637889,13140,29618
760252756032651264,995,4338
760190180481531904,2079,6334
760153949710192640,38,0
759943073749200896,2382,6581
759923798737051648,6521,16284
759846353224826880,2265,7433
759793422261743616,2173,6620
759566828574212096,24319,0
759557299618865152,1341,5202
759447681597108224,2827,9418
759446261539934208,561,1846
759197388317847553,2221,6725
759159934323924993,1359,0
759099523532779520,4813,16101
759047813560868866,2302,7227
758854675097526272,1027,3904
758828659922702336,4376,12376
758740312047005698,1824,6339
758474966123810816,1132,4227
758467244762497024,2539,5316
758405701903519748,2204,5756
758355060040593408,1245,3797
758099635764359168,11550,21302
758041019896193024,433,3001
757741869644341248,3710,7613
757729163776290825,9299,0
757725642876129280,1391,5022
757611664640446465,1272,5026
757597904299253760,336,0
757596066325864448,1219,4808
757400162377592832,7759,16743
757393109802180609,2009,6462
757354760399941633,1637,4995
756998049151549440,2271,6923
756939218950160384,2295,7342
756651752796094464,1511,5612
756526248105566208,4169,11506
756303284449767430,1231,4359
756288534030475264,15071,28519
756275833623502848,1738,7114
755955933503782912,3285,8092
755206590534418437,6148,18212
755110668769038337,12621,23446
754874841593970688,9193,0
754856583969079297,2870,7616
754747087846248448,591,2854
754482103782404096,2220,5852
754449512966619136,846,4147
754120377874386944,2670,8655
754011816964026368,4079,9726
753655901052166144,2492,6458
753420520834629632,4071,8731
753398408988139520,2186,6384
753375668877008896,2655,8411
753298634498793472,6620,0
753294487569522689,1191,3758
753039830821511168,24013,41080
753026973505581056,1109,4283
752932432744185856,7798,13970
752917284578922496,1790,7592
752701944171524096,3291,0
752682090207055872,1846,6642
752660715232722944,1794,4878
752568224206688256,2605,6140
752519690950500352,3917,8157
752334515931054080,1263,4238
752309394570878976,18963,0
752173152931807232,2106,6569
751950017322246144,1060,3415
751937170840121344,1530,5770
751830394383790080,2227,6428
751793661361422336,3320,6479
751598357617971201,3440,8699
751583847268179968,1265,4849
751538714308972544,1445,5547
751456908746354688,1127,3516
751251247299190784,6695,13791
751205363882532864,2086,6948
751132876104687617,1480,5610
750868782890057730,1595,5306
750719632563142656,5747,14621
750506206503038976,1316,4934
750429297815552001,4947,14569
750383411068534784,1309,5005
750381685133418496,39,758
750147208377409536,1095,3409
750132105863102464,1440,3990
750117059602808832,1466,4740
750101899009982464,959,3344
750086836815486976,613,2383
750071704093859840,3802,8653
750056684286914561,1011,3444
750041628174217216,703,3502
750026558547456000,888,2986
750011400160841729,1035,3568
749996283729883136,919,3331
749981277374128128,2772,5569
749774190421639168,1493,5114
749417653287129088,1904,6721
749403093750648834,622,2892
749395845976588288,3951,9488
749317047558017024,2509,6076
749075273010798592,2360,6353
749064354620928000,1714,5277
749036806121881602,896,3425
748977405889503236,3759,11235
748932637671223296,2564,6461
748705597323898880,1067,3047
748699167502000129,1814,5213
748692773788876800,1504,4659
748575535303884801,2272,6696
748568946752774144,776,2411
748346686624440324,1413,5735
748337862848962560,4701,8462
748324050481647620,867,4078
748307329658011649,810,4027
748220828303695873,8825,15549
747963614829678593,2444,6397
747933425676525569,2894,7310
747885874273214464,1116,3243
747844099428986880,851,3084
747816857231626240,1316,5346
747651430853525504,179,1520
747648653817413632,6614,14182
747600769478692864,619,2545
747594051852075008,1205,4065
747512671126323200,1803,6110
747461612269887489,1169,4249
747439450712596480,2184,5965
747242308580548608,3257,0
747219827526344708,1791,5792
747204161125646336,1038,3722
747103485104099331,4548,10534
746906459439529985,336,3168
746872823977771008,2429,6593
746818907684614144,1944,5807
746790600704425984,1806,5345
746757706116112384,4432,10520
746726898085036033,2037,6648
746542875601690625,2104,5520
746521445350707200,1110,0
746507379341139972,1226,5094
746369468511756288,1854,6637
746131877086527488,2511,7565
746056683365994496,931,3904
745789745784041472,1207,4437
745712589599014916,2636,7652
745433870967832576,2894,7824
745422732645535745,2768,9412
745314880350101504,3131,7863
745074613265149952,3976,8605
745057283344719872,2585,7945
744995568523612160,716,3277
744971049620602880,3042,8652
744709971296780288,1771,6150
744334592493166593,2412,7443
744234799360020481,79515,131075
744223424764059648,424,1868
743980027717509120,1231,4551
743895849529389061,1087,3999
743835915802583040,2387,0
743609206067040256,1560,4917
743595368194129920,7445,20275
743545585370791937,1066,3863
743510151680958465,4185,8671
743253157753532416,1366,4624
743222593470234624,2164,6792
743210557239623680,1560,4215
742534281772302336,4011,7744
742528092657332225,2245,4878
742465774154047488,4382,7916
742423170473463808,4319,10812
742385895052087300,2266,7457
742161199639494656,1547,4743
742150209887731712,1783,5661
741793263812808706,1698,4982
741743634094141440,3144,8945
741438259667034112,937,4026
741303864243200000,3650,9631
741099773336379392,6247,10997
741067306818797568,3520,10342
740995100998766593,3154,7018
740711788199743490,1062,3736
740699697422163968,888,3101
740676976021798912,7724,19881
740373189193256964,9220,20648
740365076218183684,495,2727
740359016048689152,967,3610
740214038584557568,2220,7335
739979191639244800,6719,21898
739932936087216128,1217,4443
739844404073074688,966,4138
739623569819336705,1547,4185
739606147276148736,1876,5897
739544079319588864,24319,43694
739485634323156992,3309,7887
739238157791694849,52360,75163
738891149612572673,6,115
738885046782832640,1283,4127
738883359779196928,917,3661
738537504001953792,1759,5575
738402415918125056,955,3599
738184450748633089,1360,4727
738166403467907072,3828,9635
738156290900254721,748,2768
737826014890496000,2006,5757
737800304142471168,3904,10943
737678689543020544,1509,5528
737445876994609152,5048,11302
737322739594330112,907,3953
737310737551491075,8329,16040
736736130620620800,1972,4736
736392552031657984,8407,19450
736365877722001409,1408,4367
736225175608430592,3115,8901
736010884653420544,3355,8652
735991953473572864,1283,3934
735648611367784448,1237,4397
735635087207878657,2659,6776
735274964362878976,4707,9629
735256018284875776,993,3675
735137028879360001,1092,3428
734912297295085568,572,2993
734787690684657664,7102,13745
734776360183431168,608,2742
734559631394082816,451,1646
733828123016450049,881,3926
733822306246479872,1141,4015
733482008106668032,1065,3438
733460102733135873,1451,4605
733109485275860992,17621,44619
732732193018155009,599,2671
732726085725589504,1003,3855
732585889486888962,868,4016
732375214819057664,2838,8832
732005617171337216,6154,16324
731285275100512256,1090,3798
731156023742988288,1434,4196
730924654643314689,2234,6682
730573383004487680,2435,5407
730427201120833536,1176,3809
730211855403241472,1182,4180
730196704625098752,2172,5339
729854734790754305,1268,4396
729838605770891264,431,1856
729823566028484608,1390,4358
729463711119904772,2586,6340
729113531270991872,370,2054
728986383096946689,917,3460
728760639972315136,1911,5090
728751179681943552,757,3032
728653952833728512,1169,3620
728409960103686147,2269,5383
728387165835677696,1075,3999
728046963732717569,1328,4722
728035342121635841,1872,4953
728015554473250816,1219,4479
727685679342333952,720,3206
727644517743104000,1962,6431
727524757080539137,1379,4900
727314416056803329,834,3623
727286334147182592,920,3324
727175381690781696,1540,4209
727155742655025152,1490,3983
726935089318363137,2738,7496
726887082820554753,1677,4195
726828223124897792,1124,3882
726224900189511680,1302,4811
725842289046749185,2970,7691
725786712245440512,1527,4537
725729321944506368,2009,5646
725458796924002305,703,1541
724983749226668032,1462,4040
724771698126512129,725,2593
724405726123311104,1847,5800
724049859469295616,1984,4738
724046343203856385,620,2901
724004602748780546,1790,4561
723912936180330496,1374,4236
723688335806480385,3347,8435
723673163800948736,1011,3291
723179728551723008,2110,5761
722974582966214656,1764,4493
722613351520608256,1831,5393
721503162398597120,2124,5086
721001180231503872,686,2748
720785406564900865,866,3400
720775346191278080,760,2702
720415127506415616,1681,4503
720389942216527872,2840,6974
720340705894408192,1098,3131
720059472081784833,1268,4229
720043174954147842,2253,5332
719991154352222208,1979,5281
719704490224398336,1645,4974
719551379208073216,2192,5515
719367763014393856,827,3022
719339463458033665,1403,4822
719332531645071360,1078,3711
718971898235854848,1231,3818
718939241951195136,1973,5720
718631497683582976,9126,20697
718613305783398402,542,2669
718540630683709445,1137,2730
718460005985447936,602,2846
718454725339934721,1685,5320
718246886998687744,565,2115
718234618122661888,1127,4217
717841801130979328,670,2660
717790033953034240,1272,3170
717537687239008257,2069,6281
717428917016076293,510,1748
717421804990701568,945,3446
717047459982213120,2135,6826
717009362452090881,1102,3583
716802964044845056,1317,4627
716791146589110272,1474,5204
716730379797970944,475,1339
716447146686459905,6643,14327
716439118184652801,247,2574
716285507865542656,1225,3041
716080869887381504,1935,5272
715928423106027520,987,3485
715758151270801409,1596,4085
715733265223708672,1920,5093
715704790270025728,634,3055
715696743237730304,1454,4257
715680795826982913,1813,4719
715360349751484417,1772,5955
715342466308784130,768,3294
715220193576927233,736,2630
715200624753819648,2110,5578
715009755312439296,1392,4550
714982300363173890,1166,4094
714962719905021952,4816,8028
714957620017307648,1595,4503
714631576617938945,1122,3571
714606013974974464,1038,3938
714485234495041536,1313,2962
714258258790387713,808,3281
714251586676113411,940,3570
714214115368108032,990,2480
714141408463036416,1569,4673
713919462244790272,869,3564
713909862279876608,616,2078
713900603437621249,829,3062
713761197720473600,1541,5308
713411074226274305,1440,4802
713177543487135744,3183,7854
713175907180089344,1630,4851
712809025985978368,7602,20378
712717840512598017,5616,13474
712668654853337088,1367,4531
712438159032893441,1756,5799
712309440758808576,26,269
712097430750289920,1172,4144
712092745624633345,1016,3211
712085617388212225,556,3531
712065007010385924,700,2451
711998809858043904,138,0
711968124745228288,2601,8776
711743778164514816,1101,3095
711732680602345472,4653,9756
711694788429553666,20500,35865
711652651650457602,1037,4228
711363825979756544,1287,3996
711306686208872448,819,3596
711008018775851008,710,3275
710997087345876993,1561,4960
710844581445812225,779,2775
710833117892898816,606,2937
710658690886586372,636,2529
710609963652087808,2624,5227
710588934686908417,2107,4968
710296729921429505,833,2574
710283270106132480,580,2308
710272297844797440,1425,4945
710269109699739648,1257,2613
710153181850935296,1006,3153
710140971284037632,1008,3017
710117014656950272,2233,5999
709918798883774466,1215,3250
709901256215666688,112,732
709852847387627521,1336,3824
709566166965075968,1367,3865
709556954897764353,1204,3593
709519240576036864,277,1620
709449600415961088,665,2420
709409458133323776,788,2855
709225125749587968,647,2615
709207347839836162,6567,13755
709198395643068416,721,2634
709179584944730112,763,2213
709158332880297985,470,2236
709042156699303936,1864,5197
708853462201716736,745,1941
708845821941387268,1015,3226
708834316713893888,571,1860
708810915978854401,7848,18036
708738143638450176,917,2997
708711088997666817,834,2790
708479650088034305,765,2768
708469915515297792,926,3357
708400866336894977,11330,17516
708356463048204288,1520,3929
708349470027751425,831,2568
708149363256774660,1727,4672
708130923141795840,943,3707
708119489313951744,1102,2937
708109389455101952,610,2124
708026248782585858,2166,4799
707995814724026368,1273,3385
707983188426153984,2,52
707969809498152960,1097,2941
707776935007539200,1079,3593
707741517457260545,696,2718
707738799544082433,2785,4495
707693576495472641,1133,3765
707629649552134146,997,2834
707610948723478529,7236,18557
707420581654872064,789,2499
707411934438625280,673,2486
707387676719185920,1490,3835
707377100785885184,1214,3603
707315916783140866,727,2698
707297311098011648,903,3022
707059547140169728,759,2796
707038192327901184,900,2404
707021089608753152,1540,4433
707014260413456384,664,2502
706904523814649856,8830,15961
706901761596989440,680,2264
706681918348251136,1103,3627
706644897839910912,1224,2814
706593038911545345,718,2363
706538006853918722,1580,3778
706516534877929472,1150,3404
706346369204748288,1035,3768
706310011488698368,9034,23443
706291001778950144,522,1861
706265994973601792,1030,2979
706169069255446529,2511,4291
706166467411222528,1819,5636
706153300320784384,437,1632
705975130514706432,842,3397
705970349788291072,1008,3440
705898680587526145,643,2597
705786532653883392,596,2132
705591895322394625,1308,3475
705475953783398401,1045,3231
705442520700944385,1859,4877
705428427625635840,1931,4188
705239209544720384,854,3290
705223444686888960,900,2829
705102439679201280,585,2342
705066031337840642,683,2378
704871453724954624,1245,4585
704859558691414016,612,2462
704847917308362754,1727,5594
704819833553219584,1136,2906
704761120771465216,3257,7283
704499785726889984,1124,3212
704491224099647488,97,840
704480331685040129,1197,3723
704364645503647744,3999,8804
704347321748819968,393,1729
704134088924532736,519,1653
704113298707505153,629,2031
704054845121142784,1028,3201
703774238772166656,526,2020
703769065844768768,1276,3621
703631701117943808,772,2853
703611486317502464,1709,4229
703425003149250560,1559,4162
703407252292673536,786,2685
703382836347330562,1285,3837
703356393781329922,429,2085
703268521220972544,618,2152
703079050210877440,3494,8064
703041949650034688,14198,28996
702932127499816960,811,2825
702899151802126337,509,1772
702684942141153280,1215,3516
702671118226825216,634,2398
702598099714314240,3712,11332
702539513671897089,1091,3134
702332542343577600,1755,3491
702321140488925184,1156,3604
702276748847800320,860,2706
702217446468493312,1526,5268
701981390485725185,1106,3755
701952816642965504,1149,4167
701889187134500865,1558,3905
701805642395348998,1900,3752
701601587219795968,523,2299
701570477911896070,1055,3080
701545186879471618,680,2902
701214700881756160,5812,13475
700890391244103680,653,2437
700864154249383937,685,2828
700847567345688576,558,2637
700796979434098688,1085,2669
700747788515020802,10673,25130
700518061187723268,915,2887
700505138482569216,646,2487
700462010979500032,2031,4537
700167517596164096,836,2903
700151421916807169,754,2450
700143752053182464,3129,8282
700062718104104960,778,2890
700029284593901568,661,2262
700002074055016451,1529,3627
699801817392291840,1088,3345
699788877217865730,557,2458
699779630832685056,1397,3039
699775878809702401,690,2150
699691744225525762,5174,11252
699446877801091073,2938,6515
699434518667751424,577,2384
699423671849451520,383,1505
699413908797464576,688,2258
699370870310113280,497,2053
699323444782047232,983,3466
699088579889332224,715,2451
699079609774645248,745,2677
699072405256409088,1325,3296
699060279947165696,2059,4173
699036661657767936,1345,2863
698989035503689728,1113,3701
698953797952008193,1020,2975
698907974262222848,699,2787
698710712454139905,774,2710
698703483621523456,425,1608
698635131305795584,388,1400
698549713696649216,704,2536
698355670425473025,516,2046
698342080612007937,1074,2485
698262614669991936,2268,5214
698195409219559425,6750,18408
698178924120031232,830,3084
697995514407682048,372,1665
697990423684476929,1451,3592
697943111201378304,776,2638
697881462549430272,1337,3313
697630435728322560,614,1909
697616773278015490,1144,3467
697596423848730625,1425,3306
697575480820686848,572,2250
697516214579523584,1282,2281
697482927769255936,765,2662
697463031882764288,1552,3748
697270446429966336,2087,5131
697259378236399616,1136,3611
697255105972801536,1315,3316
697242256848379904,751,2753
696900204696625153,1156,3492
696894894812565505,758,2594
696886256886657024,2016,5317
696877980375769088,802,2689
696754882863349760,396,1615
696744641916489729,1069,2293
696713835009417216,757,2613
696518437233913856,1887,4274
696490539101908992,170,1339
696488710901260288,1166,2788
696405997980676096,1284,3531
696100768806522880,750,2125
695816827381944320,1320,3287
695794761660297217,880,3490
695767669421768709,854,2060
695629776980148225,2377,5020
695446424020918272,2026,4787
695409464418041856,4017,9460
695314793360662529,1675,4004
695095422348574720,684,2888
695074328191332352,1239,3116
695064344191721472,685,1771
695051054296211456,885,2918
694925794720792577,1043,2965
694905863685980160,1053,3046
694669722378485760,13517,26068
694356675654983680,328,1653
694352839993344000,700,2244
694342028726001664,557,1727
694329668942569472,569,2203
694206574471057408,2297,4582
694183373896572928,1040,3236
694001791655137281,1176,3705
693993230313091072,457,2044
693942351086120961,413,1896
693647888581312512,673,2961
693644216740769793,150,1473
693642232151285760,472,2790
693629975228977152,894,2685
693622659251335168,422,1691
693590843962331137,2233,5565
693582294167244802,292,1802
693486665285931008,698,1941
693280720173801472,1403,3669
693267061318012928,925,2622
693262851218264065,568,2459
693231807727280129,841,3133
693155686491000832,3622,8668
693109034023534592,695,1889
693095443459342336,523,2056
692919143163629568,838,2926
692905862751522816,998,2683
692901601640583168,682,1971
692894228850999298,910,2511
692828166163931137,998,3148
692752401762250755,4124,7496
692568918515392513,1737,4739
692535307825213440,1529,3504
692530551048294401,474,2021
692423280028966913,265,1618
692417313023332352,3917,10275
692187005137076224,929,2768
692158366030913536,896,2369
692142790915014657,438,1798
692041934689402880,1424,3724
692017291282812928,1081,3153
691820333922455552,1860,4329
691793053716221953,4732,8910
691756958957883396,1161,3179
691675652215414786,577,2116
691483041324204033,656,2608
691459709405118465,1294,4449
691444869282295808,955,2890
691416866452082688,8689,21253
691321916024623104,747,2828
691096613310316544,1019,3253
691090071332753408,385,1867
690989312272396288,3282,6513
690959652130045952,1421,3902
690938899477221376,2245,4536
690932576555528194,1143,3602
690735892932222976,1442,4134
690728923253055490,597,2384
690690673629138944,898,2547
690649993829576704,325,1435
690607260360429569,19,313
690597161306841088,681,2163
690400367696297985,509,2041
690374419777196032,972,3560
690360449368465409,1006,2925
690348396616552449,573,1644
690248561355657216,477,1845
690021994562220032,1180,3056
690015576308211712,836,2740
690005060500217858,1907,4004
689999384604450816,424,1561
689993469801164801,518,1618
689977555533848577,502,1490
689905486972461056,787,2651
689877686181715968,1344,3323
689835978131935233,850,2369
689661964914655233,1052,3501
689659372465688576,4412,11394
689623661272240129,748,2467
689599056876867584,6265,12795
689557536375177216,519,2257
689517482558820352,1609,3735
689289219123089408,1056,2476
689283819090870273,1250,3624
689280876073582592,819,2197
689275259254616065,285,1273
689255633275777024,1212,2805
689154315265683456,1128,3348
689143371370250240,579,2232
688916208532455424,983,3003
688908934925697024,874,2310
688898160958271489,890,2307
688894073864884227,792,2462
688828561667567616,420,1508
688804835492233216,227,1043
688789766343622656,759,2434
688547210804498433,789,2862
688519176466644993,825,2520
688385280030670848,5035,10180
688211956440801280,937,2426
688179443353796608,669,2328
688116655151435777,888,3093
688064179421470721,408,1878
687841446767013888,2872,6009
687826841265172480,1292,2989
687818504314159109,1080,2758
687807801670897665,801,2625
687732144991551489,750,1935
687704180304273409,950,2660
687664829264453632,576,2121
687494652870668288,654,2104
687480748861947905,281,1760
687476254459715584,619,2187
687460506001633280,614,2243
687399393394311168,702,2081
687317306314240000,10411,22073
687312378585812992,2146,4777
687127927494963200,2591,6004
687124485711986689,577,2371
687109925361856513,2803,6370
687102708889812993,1124,2571
687096057537363968,695,2449
686947101016735744,3582,9433
686760001961103360,1551,3852
686749460672679938,1666,3812
686730991906516992,1350,4543
686683045143953408,912,3072
686618349602762752,1544,4042
686606069955735556,607,2071
686394059078897668,769,1928
686386521809772549,996,3553
686377065986265092,637,2433
686358356425093120,776,2398
686286779679375361,1887,4392
686050296934563840,836,2420
686035780142297088,138,1274
686034024800862208,1324,3424
686007916130873345,472,2704
686003207160610816,735,2009
685973236358713344,611,2326
685943807276412928,696,1801
685906723014619143,3303,8277
685681090388975616,140,2069
685667379192414208,666,2579
685663452032069632,1656,3557
685641971164143616,885,3218
685547936038666240,17465,35052
685532292383666176,1298,3336
685325112850124800,4535,10471
685321586178670592,735,2910
685315239903100929,1234,3676
685307451701334016,496,2262
685268753634967552,1371,3419
685198997565345792,764,2566
685169283572338688,1620,4489
684969860808454144,421,2374
684959798585110529,3487,7004
684940049151070208,1191,3523
684926975086034944,552,3849
684914660081053696,1662,3848
684902183876321280,605,2053
684880619965411328,936,2305
684830982659280897,24514,38551
684800227459624960,1124,2979
684594889858887680,4016,9843
684588130326986752,1592,4489
684567543613382656,1418,3312
684538444857667585,1085,2915
684481074559381504,1320,4249
684460069371654144,628,2169
684241637099323392,3727,8999
684225744407494656,239,1369
684222868335505415,1563,4225
684200372118904832,1177,2394
684195085588783105,595,2108
684188786104872960,1343,3831
684177701129875456,764,2215
684147889187209216,1703,3265
684122891630342144,539,2176
684097758874210310,1621,4515
683857920510050305,1262,4163
683852578183077888,397,2111
683849932751646720,1116,2896
683834909291606017,1265,2880
683828599284170753,1195,3053
683773439333797890,1533,3684
683742671509258241,3781,7162
683515932363329536,3291,8058
683498322573824003,1095,3469
683481228088049664,1118,2878
683462770029932544,761,2676
683449695444799489,1837,4290
683391852557561860,2702,8356
683357973142474752,1059,3238
683142553609318400,1173,3162
683111407806746624,1034,3736
683098815881154561,736,2361
683078886620553216,634,2176
683030066213818368,832,2370
682962037429899265,15043,26239
682808988178739200,210,1953
682788441537560576,1258,2706
682750546109968385,494,1674
682697186228989953,397,1440
682662431982772225,1207,3326
682638830361513985,675,2266
682429480204398592,1320,3769
682406705142087680,2019,8319
682393905736888321,773,2441
682389078323662849,518,1828
682303737705140231,1135,3389
682259524040966145,1375,4578
682242692827447297,1341,3566
682088079302213632,11271,20108
682059653698686977,1915,5442
682047327939461121,1088,3525
682032003584274432,2294,7223
682003177596559360,1722,3464
681981167097122816,1161,3043
681891461017812993,951,2706
681694085539872773,4581,14010
681679526984871937,499,1923
681654059175129088,1045,2903
681610798867845120,533,2100
681579835668455424,1489,3893
681523177663676416,6620,15749
681340665377193984,313,1803
681339448655802368,4598,10202
681320187870711809,863,2918
681302363064414209,2072,4347
681297372102656000,1091,3490
681281657291280384,1258,3520
681261549936340994,308,1597
681242418453299201,624,1645
681231109724700672,540,2629
681193455364796417,1691,4077
680970795137544192,749,2665
680959110691590145,2243,4986
680940246314430465,1225,3544
680934982542561280,497,2285
680913438424612864,705,2609
680889648562991104,418,1945
680836378243002368,1513,3766
680805554198020098,751,2370
680801747103793152,925,2600
680798457301471234,1182,3134
680609293079592961,816,2906
680583894916304897,1514,3939
680497766108381184,2162,4639
680494726643068929,542,1879
680473011644985345,844,2778
680440374763077632,564,1583
680221482581123072,329,1598
680206703334408192,1323,3115
680191257256136705,577,2356
680176173301628928,1760,4263
680161097740095489,828,2538
680145970311643136,1972,3955
680130881361686529,1078,2519
680115823365742593,1028,2972
680100725817409536,1554,3891
680085611152338944,10034,13959
680070545539371008,994,2818
680055455951884288,8067,18278
679877062409191424,726,2155
679872969355714560,749,2365
679862121895714818,706,2678
679854723806179328,1402,3143
679844490799091713,887,2593
679828447187857408,15839,39726
679777920601223168,1281,3390
679736210798047232,918,2311
679729593985699840,937,2367
679722016581222400,539,1817
679530280114372609,2347,5208
679527802031484928,823,2892
679511351870550016,1461,3711
679503373272485890,1673,3484
679475951516934144,728,2304
679462823135686656,21324,34856
679405845277462528,1364,2594
679158373988876288,9193,23568
679148763231985668,1163,3028
679132435750195208,1314,3253
679111216690831360,2893,6514
679062614270468097,9299,18712
679047485189439488,781,2460
679001094530465792,1378,3075
678991772295516161,1333,2537
678969228704284672,528,1796
678800283649069056,1018,2810
678798276842360832,1350,3804
678774928607469569,1043,3037
678767140346941444,1553,3864
678764513869611008,544,1788
678755239630127104,3741,7802
678740035362037760,1926,4099
678708137298427904,2753,6082
678675843183484930,1680,3155
678643457146150913,489,2250
678446151570427904,1785,4358
678424312106393600,2880,5916
678410210315247616,2072,4640
678399652199309312,30742,61794
678396796259975168,478,1731
678389028614488064,473,2044
678380236862578688,1020,2655
678341075375947776,612,1896
678334497360859136,304,1427
678278586130948096,6857,12531
678255464182861824,418,1726
678023323247357953,439,2095
678021115718029313,7148,15018
677961670166224897,1879,3701
677918531514703872,463,1476
677895101218201600,2384,5275
677716515794329600,1104,3323
677700003327029250,1622,3689
677698403548192770,363,1332
677687604918272002,950,2681
677673981332312066,1677,3603
677662372920729601,1101,2134
677644091929329666,886,2040
677573743309385728,819,2322
677565715327688705,513,1409
677557565589463040,1322,2665
677547928504967168,4076,7568
677530072887205888,250,1161
677335745548390400,2017,3328
677334615166730240,328,1477
677331501395156992,265,1189
677328882937298944,1693,3938
677314812125323265,611,1799
677301033169788928,471,1362
677269281705472000,790,2164
677228873407442944,1840,3837
677187300187611136,1033,2981
676975532580409345,1203,3015
676957860086095872,907,2395
676949632774234114,448,1413
676948236477857792,980,2354
676946864479084545,426,1844
676942428000112642,855,2261
676936541936185344,5515,13809
676916996760600576,2002,3231
676897532954456065,817,2426
676864501615042560,808,2294
676821958043033607,17605,25124
676819651066732545,741,1957
676811746707918848,469,1536
676776431406465024,2249,5405
676617503762681856,1108,3149
676613908052996102,219,1183
676606785097199616,490,2039
676603393314578432,440,1280
676593408224403456,2410,4954
676590572941893632,142,1001
676588346097852417,896,2533
676582956622721024,312,1310
676575501977128964,1254,2807
676533798876651520,621,2025
676496375194980353,602,1641
676470639084101634,5224,12616
676440007570247681,748,1863
676430933382295552,385,1526
676263575653122048,609,2243
676237365392908289,331,1335
676219687039057920,31989,67100
676215927814406144,661,1881
676191832485810177,1145,2478
676146341966438401,744,2077
676121918416756736,1297,2335
676101918813499392,1284,3042
676098748976615425,1623,3279
676089483918516224,483,1431
675898130735476737,653,1774
675891555769696257,976,2297
675888385639251968,1067,2581
675878199931371520,1570,4531
675870721063669760,632,1783
675853064436391936,1460,2927
675849018447167488,172,1027
675845657354215424,1000,2477
675822767435051008,591,1652
675820929667219457,260,1140
675798442703122432,3787,11101
675781562965868544,537,1750
675740360753160193,388,1257
675710890956750848,928,2046
675707330206547968,771,2154
675706639471788032,106,693
675534494439489536,470,1953
675531475945709568,428,1276
675522403582218240,316,1122
675517828909424640,507,1414
675501075957489664,6485,18482
675497103322386432,1443,3397
675489971617296384,672,1406
675483430902214656,1081,1985
675432746517426176,627,1623
675372240448454658,563,1838
675362609739206656,262,1136
675354435921575936,18963,35178
675349384339542016,2532,4237
675334060156301312,1436,3007
675166823650848770,1795,3920
675153376133427200,2734,6072
675149409102012420,1878,4037
675147105808306176,273,1026
675146535592706048,349,1300
675145476954566656,1011,2305
675135153782571009,542,1398
675113801096802304,877,2120
675111688094527488,283,1042
675109292475830276,1259,3006
675047298674663426,366,1141
675015141583413248,1335,2918
675006312288268288,252,1057
675003128568291329,517,1672
674999807681908736,1232,2433
674805413498527744,391,934
674800520222154752,949,3240
674793399141146624,1225,2697
674790488185167872,278,1180
674788554665512960,230,871
674781762103414784,1335,2169
674774481756377088,532,1213
674767892831932416,883,1981
674764817387900928,263,852
674754018082705410,488,1456
674752233200820224,516,1580
674743008475090944,607,1514
674742531037511680,55,527
674739953134403584,437,1194
674737130913071104,103,693
674690135443775488,510,1237
674670581682434048,729,1751
674664755118911488,276,994
674646392044941312,557,1533
674644256330530816,311,1111
674638615994089473,650,1806
674632714662858753,637,1617
674606911342424069,115,1013
674468880899788800,2275,6676
674447403907457024,393,1137
674436901579923456,426,1198
674422304705744896,592,1536
674416750885273600,157,731
674410619106390016,515,1289
674394782723014656,635,1607
674372068062928900,346,931
674330906434379776,83,602
674318007229923329,570,1516
674307341513269249,7641,12129
674291837063053312,6533,15817
674271431610523648,800,1682
674269164442398721,255,961
674265582246694913,936,1766
674262580978937856,498,1391
674255168825880576,619,1581
674082852460433408,186,804
674075285688614912,316,1047
674063288070742018,2450,6769
674053186244734976,1441,3576
674051556661161984,530,1564
674045139690631169,710,1520
674042553264685056,142,772
674038233588723717,456,1176
674036086168010753,240,906
674024893172875264,1360,1914
674019345211760640,340,1208
674014384960745472,714,1676
674008982932058114,393,1297
673956914389192708,1069,2091
673919437611909120,401,1251
673906403526995968,1799,3406
673887867907739649,274,994
673716320723169284,843,3289
673715861853720576,2303,3815
673711475735838725,325,1114
673709992831262724,306,908
673708611235921920,315,1153
673707060090052608,434,1177
673705679337693185,439,1337
673700254269775872,638,1532
673697980713705472,2165,4067
673689733134946305,700,1855
673688752737402881,534,1325
673686845050527744,479,1544
673680198160809984,521,1460
673662677122719744,397,1339
673656262056419329,265,769
673636718965334016,404,1194
673612854080196609,802,1691
673583129559498752,403,1273
673580926094458881,297,882
673576835670777856,613,1482
673363615379013632,338,1088
673359818736984064,728,1558
673355879178194945,652,1606
673352124999274496,597,1761
673350198937153538,229,784
673345638550134785,1422,2700
673343217010679808,289,1038
673342308415348736,649,1362
673320132811366400,8705,14441
673317986296586240,293,924
673295268553605120,3484,8046
673270968295534593,400,1134
673240798075449344,798,1510
673213039743795200,929,2410
673148804208660480,688,1822
672997845381865473,786,2092
672995267319328768,328,1001
672988786805112832,314,1039
672984142909456390,593,1338
672980819271634944,1079,1930
672975131468300288,1015,1813
672970152493887488,391,1019
672968025906282496,602,1405
672964561327235073,701,1530
672902681409806336,550,1452
672898206762672129,459,944
672884426393653248,897,1661
672877615439593473,405,1096
672834301050937345,623,1398
672828477930868736,533,1343
672640509974827008,348,1032
672622327801233409,542,1377
672614745925664768,644,1302
672609152938721280,424,1180
672604026190569472,445,1188
672594978741354496,661,1411
672591762242805761,367,1014
672591271085670400,207,782
672538107540070400,404,1089
672523490734551040,189,696
672488522314567680,482,1187
672482722825261057,665,1221
672481316919734272,137,757
672475084225949696,770,1529
672466075045466113,598,1447
672272411274932228,3677,6888
672267570918129665,666,1588
672264251789176834,383,1212
672256522047614977,1699,2999
672254177670729728,800,1515
672248013293752320,656,1833
672245253877968896,169,733
672239279297454080,347,953
672231046314901505,1089,1956
672222792075620352,231,833
672205392827572224,1270,2414
672169685991993344,408,1074
672160042234327040,395,918
672139350159835138,792,1876
672125275208069120,1253,2578
672095186491711488,395,1063
672082170312290304,402,1003
672068090318987265,564,1389
671896809300709376,4519,9016
671891728106971137,618,1415
671882082306625538,1488,3693
671879137494245376,748,1507
671874878652489728,601,1330
671866342182637568,548,1191
671855973984772097,502,977
671789708968640512,3811,7527
671768281401958400,572,1269
671763349865160704,999,1788
671744970634719232,841,1430
671743150407421952,248,779
671735591348891648,819,1534
671729906628341761,4795,9119
671561002136281088,7931,13679
671550332464455680,229,967
671547767500775424,658,1444
671544874165002241,1145,2126
671542985629241344,616,1166
671538301157904385,436,993
671536543010570240,441,1253
671533943490011136,631,1092
671528761649688577,280,896
671520732782923777,582,1499
671518598289059840,319,1010
671511350426865664,791,1734
671504605491109889,3866,7495
671497587707535361,481,980
671488513339211776,516,1073
671486386088865792,226,621
671485057807351808,253,806
671390180817915904,805,1513
671362598324076544,325,1193
671357843010908160,157,426
671355857343524864,119,508
671347597085433856,476,1031
671186162933985280,241,788
671182547775299584,378,1193
671166507850801152,390,931
671163268581498880,1198,1763
671159727754231808,89,401
671154572044468225,241,769
671151324042559489,166,714
671147085991960577,254,713
671141549288370177,713,1246
671138694582165504,448,996
671134062904504320,212,796
671122204919246848,2763,3729
671115716440031232,842,1436
671109016219725825,478,1225
670995969505435648,317,1175
670842764863651840,4324,7989
670840546554966016,213,634
670838202509447168,758,1189
670833812859932673,135,474
670832455012716544,242,780
670826280409919488,4485,5961
670823764196741120,205,824
670822709593571328,105,647
670815497391357952,1708,3410
670811965569282048,295,1202
670807719151067136,546,1234
670804601705242624,1035,2098
670803562457407488,95,362
670797304698376195,262,780
670792680469889025,298,889
670789397210615808,255,700
670786190031921152,218,640
670783437142401025,431,872
670782429121134593,863,1691
670780561024270336,317,831
670778058496974848,77,345
670764103623966721,466,1154
670755717859713024,123,475
670733412878163972,558,1030
670727704916926465,403,887
670717338665226240,547,1301
670704688707301377,405,814
670691627984359425,266,632
670679630144274432,315,799
670676092097810432,45,267
670668383499735048,5537,11452
670474236058800128,835,1635
670468609693655041,90,375
670465786746662913,608,1048
670452855871037440,225,580
670449342516494336,729,1264
670444955656130560,2153,7120
670442337873600512,213,690
670435821946826752,570,1127
670434127938719744,708,1501
670433248821026816,122,345
670428280563085312,694,1484
670427002554466305,179,551
670421925039075328,709,1415
670420569653809152,342,668
670417414769758208,350,604
670411370698022913,991,2176
670408998013820928,249,600
670403879788544000,173,460
670385711116361728,234,593
670374371102445568,295,785
670361874861563904,71,344
670338931251150849,122,451
670319130621435904,1359,4110
670303360680108032,151,452
670290420111441920,315,750
670093938074779648,365,1106
670086499208155136,275,740
670079681849372674,1373,2390
670073503555706880,874,1674
670069087419133954,278,676
670061506722140161,373,822
670055038660800512,357,716
670046952931721218,191,684
670040295598354432,118,801
670037189829525505,306,625
670003130994700288,100,352
669993076832759809,92,344
669972011175813120,175,471
669970042633789440,65,317
669942763794931712,183,536
669926384437997569,115,400
669923323644657664,64,250
669753178989142016,431,858
669749430875258880,71,289
669684865554620416,99,551
669683899023405056,119,412
669682095984410625,146,375
669680153564442624,311,712
669661792646373376,482,860
669625907762618368,1963,3769
669603084620980224,401,1006
669597912108789760,163,550
669583744538451968,1017,1587
669573570759163904,156,467
669571471778410496,1085,1684
669567591774625800,61,248
669564461267722241,133,413
669393256313184256,83,383
669375718304980992,792,1425
669371483794317312,196,524
669367896104181761,172,485
669363888236994561,252,669
669359674819481600,134,390
669354382627049472,1390,2889
669353438988365824,281,687
669351434509529089,207,474
669328503091937280,452,1081
669327207240699904,127,610
669324657376567296,223,525
669216679721873412,422,958
669214165781868544,183,468
669203728096960512,522,1074
669037058363662336,336,698
669015743032369152,403,785
669006782128353280,269,610
669000397445533696,6965,22118
668994913074286592,254,468
668992363537309700,381,802
668989615043424256,356,726
668988183816871936,516,961
668986018524233728,183,578
668981893510119424,340,573
668979806671884288,382,842
668975677807423489,641,1386
668967877119254528,25,161
668960084974809088,263,757
668955713004314625,77,300
668932921458302977,63,284
668902994700836864,107,338
668892474547511297,164,422
668872652652679168,322,566
668852170888998912,184,479
668826086256599040,150,467
668815180734689280,291,610
668779399630725120,409,749
668655139528511488,233,562
668645506898350081,588,962
668643542311546881,576,939
668641109086707712,573,1145
668636665813057536,528,1114
668633411083464705,1788,3024
668631377374486528,349,763
668627278264475648,123,341
668625577880875008,140,417
668623201287675904,851,1551
668620235289837568,45,211
668614819948453888,341,654
668587383441514497,1174,1760
668567822092664832,62,265
668544745690562560,250,561
668542336805281792,231,497
668537837512433665,79,265
668528771708952576,242,496
668507509523615744,116,345
668496999348633600,146,436
668484198282485761,253,453
668480044826800133,162,491
668466899341221888,560,936
668297328638447616,319,656
668291999406125056,34,264
668286279830867968,149,535
668274247790391296,248,886
668268907921326080,261,592
668256321989451776,667,1385
668248472370458624,523,1056
668237644992782336,3100,6614
668226093875376128,115,323
668221241640230912,215,537
668204964695683073,206,586
668190681446379520,210,696
668171859951755264,208,525
668154635664932864,336,522
668142349051129856,306,592
668113020489474048,265,709
667937095915278337,866,1356
667924896115245057,119,318
667915453470232577,59,222
667911425562669056,329,523
667902449697558528,396,905
667886921285246976,1180,2011
667885044254572545,530,868
667878741721415682,127,409
667873844930215936,440,667
667866724293877760,1110,3172
667861340749471744,86,253
667832474953625600,68,303
667806454573760512,535,1111
667801013445750784,101,346
667793409583771648,358,736
667782464991965184,261,434
667773195014021121,61,243
667766675769573376,243,476
667728196545200128,162,398
667724302356258817,341,517
667550904950915073,37,0
667550882905632768,34,0
667549055577362432,2454,6138
667546741521195010,138,355
667544320556335104,568,917
667538891197542400,72,220
667534815156183040,576,866
667530908589760512,264,501
667524857454854144,1198,1798
667517642048163840,203,389
667509364010450944,2272,7148
667502640335572993,231,563
667495797102141441,294,565
667491009379606528,242,559
667470559035432960,102,273
667455448082227200,66,203
667453023279554560,96,327
667443425659232256,620,833
667437278097252352,257,483
667435689202614272,89,326
667405339315146752,234,489
667393430834667520,60,211
667369227918143488,173,385
667211855547486208,258,516
667200525029539841,282,658
667192066997374976,115,414
667188689915760640,449,784
667182792070062081,6618,15075
667177989038297088,58,200
667176164155375616,484,640
667174963120574464,88,262
667171260800061440,97,235
667165590075940865,1241,2819
667160273090932737,66,268
667152164079423490,18285,49720
667138269671505920,2387,4851
667119796878725120,135,346
667090893657276420,132,349
667073648344346624,134,425
667070482143944705,14,88
667065535570550784,51,175
667062181243039745,57,227
667044094246576128,54,198
667012601033924608,237,471
666996132027977728,102,258
666983947667116034,1040,2679
666837028449972224,584,857
666835007768551424,83,222
666826780179869698,105,266
666817836334096384,267,540
666804364988780544,95,250
666786068205871104,521,800
666781792255496192,211,404
666776908487630848,186,368
666739327293083650,71,244
666701168228331520,234,449
666691418707132416,51,196
666649482315059201,608,923
666644823164719104,88,238
666454714377183233,223,545
666447344410484738,23,107
666437273139982337,52,131
666435652385423360,54,170
666430724426358785,204,330
666428276349472768,90,171
666421158376562688,118,327
666418789513326592,48,129
666411507551481857,339,459
666407126856765440,44,113
666396247373291520,92,172
666373753744588802,100,194
666362758909284353,595,804
666353288456101888,77,229
666345417576210432,146,307
666337882303524864,96,204
666293911632134144,368,522
666287406224695296,71,152
666273097616637952,82,184
666268910803644416,37,108
666104133288665088,6871,14765
666102155909144576,16,81
666099513787052032,73,164
666094000022159362,79,169
666082916733198337,47,121
666073100786774016,174,335
666071193221509120,67,154
666063827256086533,232,496
666058600524156928,61,115
666057090499244032,146,304
666055525042405380,261,448
666051853826850816,879,1253
666050758794694657,60,136
666049248165822465,41,111
666044226329800704,147,311
666033412701032449,47,128
666029285002620928,48,132
666020888022790149,532,2535
